run_id,run_date,script_name,template_variant,sequencer_bytes_total,sequencer_submission_count,bytes_avg_per_submission,tx_tree_computed_count,tx_views_total,tx_views_avg,tx_accepted_count,bytes_per_tx_computed,bytes_per_tx_accepted,bytes_per_view,list_participants,number_unique_participants,traffic_mb_total,cost_usd_total
Daml.Finance.Benchmark.Test.HoldingCreditBench_N_runSetup_run1,2026-01-28,Daml.Finance.Benchmark.Test.HoldingCreditBench_N:runSetup,"HoldingCreditSetup_3p",30193,14,2156.64,7,7,1.0000,35,4313.29,862.66,4313.29,"participant1",1,0.030193,1.811580,21,"participant1",1,"command-id [0-9a-f-]{36}|commandId = [0-9a-f]+|CommandId\([0-9a-f-]{36}\)","cdc71ac0cf86ac037ac3c019d128ec4c"
Daml.Finance.Benchmark.Test.HoldingCreditBench_N_runSetup_run1,2026-01-28,Daml.Finance.Benchmark.Test.HoldingCreditBench_N:runSetup,"HoldingCreditSetup_3p",30197,14,2156.93,7,7,1.0000,35,4313.86,862.77,4313.86,"participant1",1,"participant1",0.030197,1.811820,21,"participant1",1,"command-id [0-9a-f-]{36}|commandId = [0-9a-f]+|CommandId\([0-9a-f-]{36}\)","64d422b7405c531cf2846c0740ef25a3"
Daml.Finance.Benchmark.Test.HoldingCreditBench_N_runSetup_run1,2026-01-28,Daml.Finance.Benchmark.Test.HoldingCreditBench_N:runSetup,"HoldingCreditSetup_3p",30163,14,2154.50,7,7,1.0000,35,4309.00,861.80,4309.00,"participant1",1,"alice::12204d50c33cd0e9841bf9e245ba64445a393a6bea36628e43f16e2bb63d7e09 aliceBank::12204d50c33cd0e9841bf9e245ba64445a393a6bea36628e43f16e2bb63d7e09",0.030163,1.809780,21,"participant1",1,"command-id [0-9a-f-]{36}|commandId = [0-9a-f]+|CommandId\([0-9a-f-]{36}\)","5b566ff385d754bedcb4620108fa9425"
Daml.Finance.Benchmark.Test.HoldingCreditBench_N_runSetup_run1,2026-01-28,Daml.Finance.Benchmark.Test.HoldingCreditBench_N:runSetup,"HoldingCreditSetup_3p",30180,14,2155.71,7,7,1.0000,35,4311.43,862.29,4311.43,"participant1",1,"alice aliceBank",0.030180,1.810800,21,"participant1",1,"command-id [0-9a-f-]{36}|commandId = [0-9a-f]+|CommandId\([0-9a-f-]{36}\)","07b372d288afb93b3a46f0831d11ee50"
Daml.Finance.Benchmark.Test.HoldingCreditBench_N_runSetup_run1,2026-01-28,Daml.Finance.Benchmark.Test.HoldingCreditBench_N:runSetup,"HoldingCreditSetup_3p",30203,14,2157.36,7,7,1.0000,35,4314.71,862.94,4314.71,"participant1",1,"alice aliceBank",0.030203,1.812180,21,"participant1",1,"command-id [0-9a-f-]{36}|commandId = [0-9a-f]+|CommandId\([0-9a-f-]{36}\)","de2d9754aa2b370a18e156f7d7e1c9be"
Daml.Finance.Benchmark.Test.HoldingCreditBench_N_runCreditRequest_run1,2026-01-28,Daml.Finance.Benchmark.Test.HoldingCreditBench_N:runCreditRequest,"CreditRequest_3p",4148,2,2074.00,1,1,1.0000,5,4148.00,829.60,4148.00,"participant1",1,"alice aliceBank",0.004148,0.248880,3,"participant1",1,"command-id [0-9a-f-]{36}|commandId = [0-9a-f]+|CommandId\([0-9a-f-]{36}\)","41d5969c80b6217d74de09c3edfb65e7"
Daml.Finance.Benchmark.Test.HoldingCreditBench_N_runCreditRequest_run2,2026-01-28,Daml.Finance.Benchmark.Test.HoldingCreditBench_N:runCreditRequest,"CreditRequest_3p",4150,2,2075.00,1,1,1.0000,5,4150.00,830.00,4150.00,"participant1",1,"alice aliceBank",0.004150,0.249000,3,"participant1",1,"command-id [0-9a-f-]{36}|commandId = [0-9a-f]+|CommandId\([0-9a-f-]{36}\)","fe62add9979b18355e673f1280077db2"
Daml.Finance.Benchmark.Test.HoldingCreditBench_N_runCreditRequest_run3,2026-01-28,Daml.Finance.Benchmark.Test.HoldingCreditBench_N:runCreditRequest,"CreditRequest_3p",4145,2,2072.50,1,1,1.0000,5,4145.00,829.00,4145.00,"participant1",1,"alice aliceBank",0.004145,0.248700,3,"participant1",1,"command-id [0-9a-f-]{36}|commandId = [0-9a-f]+|CommandId\([0-9a-f-]{36}\)","17610479a289378e5250e524bc04361b"
Daml.Finance.Benchmark.Test.HoldingCreditBench_N_runSetup_run1,2026-01-28,Daml.Finance.Benchmark.Test.HoldingCreditBench_N:runSetup,"HoldingCreditSetup_3p",30200,14,2157.14,7,7,1.0000,35,4314.29,862.86,4314.29,"participant1",1,"alice aliceBank",0.030200,1.812000,21,"participant1",1,"command-id [0-9a-f-]{36}|commandId = [0-9a-f]+|CommandId\([0-9a-f-]{36}\)","8bae7c79213e616efc001be56a9f59f7"
Daml.Finance.Benchmark.Test.HoldingCreditBench_N_runCreditRequest_run1,2026-01-28,Daml.Finance.Benchmark.Test.HoldingCreditBench_N:runCreditRequest,"CreditRequest_3p",4139,2,2069.50,1,1,1.0000,5,4139.00,827.80,4139.00,"participant1",1,"alice aliceBank",0.004139,0.248340,3,"participant1",1,"command-id [0-9a-f-]{36}|commandId = [0-9a-f]+|CommandId\([0-9a-f-]{36}\)","524e81be8d90b69c7c1a74fd0f8bd049"
Daml.Finance.Benchmark.Test.HoldingCreditBench_N_runCreditRequest_run2,2026-01-28,Daml.Finance.Benchmark.Test.HoldingCreditBench_N:runCreditRequest,"CreditRequest_3p",4134,2,2067.00,1,1,1.0000,5,4134.00,826.80,4134.00,"participant1",1,"alice aliceBank",0.004134,0.248040,3,"participant1",1,"command-id [0-9a-f-]{36}|commandId = [0-9a-f]+|CommandId\([0-9a-f-]{36}\)","1edbdf003b4ef87f5bcf14165869e1f6"
Daml.Finance.Benchmark.Test.HoldingCreditBench_N_runCreditRequest_run3,2026-01-28,Daml.Finance.Benchmark.Test.HoldingCreditBench_N:runCreditRequest,"CreditRequest_3p",4160,2,2080.00,1,1,1.0000,5,4160.00,832.00,4160.00,"participant1",1,"alice aliceBank",0.004160,0.249600,3,"participant1",1,"command-id [0-9a-f-]{36}|commandId = [0-9a-f]+|CommandId\([0-9a-f-]{36}\)","c487c316bdf3a15d3f179ed53c61cf03"
Daml.Finance.Benchmark.Test.HoldingCreditBench_N_runSetup_run1,2026-01-28,Daml.Finance.Benchmark.Test.HoldingCreditBench_N:runSetup,"HoldingCreditSetup_3p",30178,14,2155.57,7,7,1.0000,35,4311.14,862.23,4311.14,"participant1",1,"alice aliceBank",0.030178,1.810680,21,"participant1",1,"command-id [0-9a-f-]{36}|commandId = [0-9a-f]+|CommandId\([0-9a-f-]{36}\)","45faa1c0ef1f4ef40c04640f45bdf9f8"
Daml.Finance.Benchmark.Test.HoldingCreditBench_N_runSetup_run1,2026-01-28,Daml.Finance.Benchmark.Test.HoldingCreditBench_N:runSetup,"HoldingCreditSetup_3p",30138,14,2152.71,7,7,1.0000,35,4305.43,861.09,4305.43,"participant1",1,"alice aliceBank",0.030138,1.808280,21,"participant1",1,"command-id [0-9a-f-]{36}|commandId = [0-9a-f]+|CommandId\([0-9a-f-]{36}\)","06da5bf6d19c03686b65497c6c88ccac"
Daml.Finance.Benchmark.Test.HoldingCreditBench_N_runSetup_run1,2026-01-28,Daml.Finance.Benchmark.Test.HoldingCreditBench_N:runSetup,"HoldingCreditSetup_3p",30138,7,4305.43,7,7,1.0000,7,4305.43,4305.43,4305.43,"participant1",1,"alice aliceBank",0.030138,1.808280,21,"participant1",1,"41ea2d6f1fab0fe59f0b9b2203f5ddd1"
Daml.Finance.Benchmark.Test.HoldingCreditBench_N_runSetup_run1,2026-01-28,Daml.Finance.Benchmark.Test.HoldingCreditBench_N:runSetup,"HoldingCreditSetup_3p",30140,7,4305.71,7,7,1.0000,7,4305.71,4305.71,4305.71,"participant1",1,"alice aliceBank",0.030140,1.808400,21,"participant1",1,"7f32203e59c247ce2d7c1621a769f4b8"
Daml.Finance.Benchmark.Test.HoldingCreditBench_N_runCreditRequest_run1,2026-01-28,Daml.Finance.Benchmark.Test.HoldingCreditBench_N:runCreditRequest,"CreditRequest_3p",4151,1,4151.00,1,1,1.0000,1,4151.00,4151.00,4151.00,"participant1",1,"alice aliceBank",0.004151,0.249060,3,"participant1",1,"f4814e790555f7ec293bb16e7e8b34cf"
Daml.Finance.Benchmark.Test.HoldingCreditBench_N_runSetup_run1,2026-01-28,Daml.Finance.Benchmark.Test.HoldingCreditBench_N:runSetup,"HoldingCreditSetup_3p",30173,7,4310.43,7,7,1.0000,7,4310.43,4310.43,4310.43,"participant1",1,"alice aliceBank",0.030173,1.810380,21,"participant1",1,"7d1bbf3c8ebd72dfc84f9b4a312b3304"
Daml.Finance.Benchmark.Test.HoldingCreditBench_N_runCreditRequest_run1,2026-01-28,Daml.Finance.Benchmark.Test.HoldingCreditBench_N:runCreditRequest,"CreditRequest_3p",4150,1,4150.00,1,1,1.0000,1,4150.00,4150.00,4150.00,"participant1",1,"alice aliceBank",0.004150,0.249000,3,"participant1",1,"fada3504aee23e570c17eace94f1b327"
Daml.Finance.Benchmark.Test.HoldingCreditBench_N_runSetup_run1,2026-01-28,Daml.Finance.Benchmark.Test.HoldingCreditBench_N:runSetup,"HoldingCreditSetup_3p",34348,8,4293.50,8,8,1.0000,8,4293.50,4293.50,4293.50,"participant1",1,"alice aliceBank",0.034348,2.060880,24,"participant1",1,"1b0876f12c647b8c5f674163d07e4cf9"
Daml.Finance.Benchmark.Test.HoldingCreditBench_N_runCreditRequest_run1,2026-01-28,Daml.Finance.Benchmark.Test.HoldingCreditBench_N:runCreditRequest,"CreditRequest_3p",4147,1,4147.00,1,1,1.0000,1,4147.00,4147.00,4147.00,"participant1",1,"alice aliceBank",0.004147,0.248820,3,"participant1",1,"107f1be726164da807b9ed66956f6b03"
Daml.Finance.Benchmark.Test.HoldingCreditBench_N_runCreditAccept_run1,2026-01-28,Daml.Finance.Benchmark.Test.HoldingCreditBench_N:runCreditAccept,"CreditAccept_3p",5689,1,5689.00,1,1,1.0000,1,5689.00,5689.00,5689.00,"participant1",1,"alice aliceBank",0.005689,0.341340,3,"participant1",1,"72e6c9572e5d4f4b6ff979c8622e87c3"
Daml.Finance.Benchmark.Test.HoldingCreditBench_N_runSetup_run1,2026-01-28,Daml.Finance.Benchmark.Test.HoldingCreditBench_N:runSetup,"HoldingCreditSetup_3p",45351,8,5668.88,8,8,1.0000,19,5668.88,2386.89,5668.88,"participant2 participant3",2,"alice aliceBank",0.045351,2.721060,33,"participant1 participant2 participant3",3,"15a01fdd136d63a91f092cdbf4ac44b9"
Daml.Finance.Benchmark.Test.HoldingCreditBench_N_runSetup_run1,2026-01-28,Daml.Finance.Benchmark.Test.HoldingCreditBench_N:runSetup,"HoldingCreditSetup_5p",45364,8,5670.50,8,8,1.0000,19,5670.50,2387.58,5670.50,"participant2 participant3",2,"alice aliceBank",0.045364,2.721840,33,"participant1 participant2 participant3",3,"25e7806c9276240f2f6dc2410fd6372b"
Daml.Finance.Benchmark.Test.HoldingCreditBench_N_runCreditRequest_run1,2026-01-28,Daml.Finance.Benchmark.Test.HoldingCreditBench_N:runCreditRequest,"CreditRequest_5p",5641,1,5641.00,1,1,1.0000,3,5641.00,1880.33,5641.00,"participant1 participant2 participant3",3,"alice aliceBank",0.005641,0.338460,4,"participant1 participant2",2,"0964a9cbed0c66c3fc64e020b3224039"
Daml.Finance.Benchmark.Test.HoldingCreditBench_N_runCreditRequest_run1,2026-01-28,Daml.Finance.Benchmark.Test.HoldingCreditBench_N:runCreditRequest,"CreditRequest_5p",5643,1,5643.00,1,1,1.0000,3,5643.00,1881.00,5643.00,"participant2",1,"alice aliceBank",0.005643,0.338580,4,"participant1 participant2",2,"48a29a7de7d637d2db8a1d563f950d86"
Daml.Finance.Benchmark.Test.HoldingCreditBench_N_runSetup_run1,2026-01-28,Daml.Finance.Benchmark.Test.HoldingCreditBench_N:runSetup,"HoldingCreditSetup_5p",45369,8,5671.12,8,8,1.0000,19,5671.12,2387.84,5671.12,"participant2",1,"alice aliceBank",0.045369,2.722140,33,"participant1 participant2 participant3",3,"2657afbbf9539de23fca4e64d86e1b34"
Daml.Finance.Benchmark.Test.HoldingCreditBench_N_runSetup_run1,2026-01-28,Daml.Finance.Benchmark.Test.HoldingCreditBench_N:runSetup,"HoldingCreditSetup_5p",45406,8,5675.75,8,8,1.0000,19,5675.75,2389.79,5675.75,"unknown",0,"alice aliceBank","participant2",0.045406,2.724360,33,"participant1 participant2 participant3",3,"65c1fddb2103aab0573222d0a7227afb"
Daml.Finance.Benchmark.Test.HoldingCreditBench_N_runSetup_run1,2026-01-28,Daml.Finance.Benchmark.Test.HoldingCreditBench_N:runSetup,"HoldingCreditSetup_5p",45410,8,5676.25,8,8,1.0000,19,5676.25,2390.00,5676.25,"unknown",0,"alice aliceBank","participant2",0.045410,2.724600,33,"participant1 participant2 participant3",3,"b1ae1beccb0ada54f6626c005be4b7c0"
Daml.Finance.Benchmark.Test.HoldingCreditBench_N_runSetup_run1,2026-01-28,Daml.Finance.Benchmark.Test.HoldingCreditBench_N:runSetup,"HoldingCreditSetup_5p",47276,8,5909.50,8,8,1.0000,19,5909.50,2488.21,5909.50,"unknown",0,"alice aliceBank","participant2",0.047276,2.836560,35,"participant1 participant2 participant3",3,"ad6cf6f2cacf20faac06e124aa4e19b0"
Daml.Finance.Benchmark.Test.HoldingCreditBench_N_runSetup_run1,2026-01-28,Daml.Finance.Benchmark.Test.HoldingCreditBench_N:runSetup,"HoldingCreditSetup_5p",46364,8,5795.50,8,8,1.0000,19,5795.50,2440.21,5795.50,"unknown",0,"alice aliceBank","participant2",0.046364,2.781840,34,"participant1 participant2 participant3",3,"d32de2a49a82f0c982243fd5da0dbb14"
Daml.Finance.Benchmark.Test.HoldingCreditBench_N_runSetup_run1,2026-01-28,Daml.Finance.Benchmark.Test.HoldingCreditBench_N:runSetup,"HoldingCreditSetup_5p",45389,8,5673.62,8,8,1.0000,19,5673.62,2388.89,5673.62,"unknown",0,"alice aliceBank","participant2",0.045389,2.723340,33,"participant1 participant2 participant3",3,"153e8466184a458d099692e83efa69f3"
Daml.Finance.Benchmark.Test.HoldingCreditBench_N_runSetup_run1,2026-01-28,Daml.Finance.Benchmark.Test.HoldingCreditBench_N:runSetup,"HoldingCreditSetup_5p",45397,8,5674.62,8,8,1.0000,19,5674.62,2389.32,5674.62,"participant2",1,"alice aliceBank",0.045397,2.723820,33,"participant1 participant2 participant3",3,"193d8ea1b11ac8ff68be508999ad35c6"
Daml.Finance.Benchmark.Test.HoldingCreditBench_N_runSetup_run1,2026-01-28,Daml.Finance.Benchmark.Test.HoldingCreditBench_N:runSetup,"HoldingCreditSetup_5p",45398,8,5674.75,8,8,1.0000,19,5674.75,2389.37,5674.75,"participant2",1,"alice aliceBank",0.045398,2.723880,33,"participant1 participant2 participant3",3,"f0b69c019afc29775a482f4844ab3375"
Daml.Finance.Benchmark.Test.HoldingCreditBench_N_runSetup_run1,2026-01-28,Daml.Finance.Benchmark.Test.HoldingCreditBench_N:runSetup,"HoldingCreditSetup_5p",45430,8,5678.75,8,8,1.0000,19,5678.75,2391.05,5678.75,"participant2",1,"alice aliceBank",0.045430,2.725800,33,"participant1 participant2 participant3",3,"c187e61743106245963d1f60a3a06637"
Daml.Finance.Benchmark.Test.HoldingCreditBench_N_runCreditRequest_run1,2026-01-28,Daml.Finance.Benchmark.Test.HoldingCreditBench_N:runCreditRequest,"CreditRequest_5p",5639,1,5639.00,1,1,1.0000,3,5639.00,1879.67,5639.00,"participant2",1,"alice aliceBank",0.005639,0.338340,4,"participant1 participant2",2,"e8ac61b8b00904291bdc55d970674924"
Daml.Finance.Benchmark.Test.HoldingCreditBench_N_runCreditAccept_run1,2026-01-28,Daml.Finance.Benchmark.Test.HoldingCreditBench_N:runCreditAccept,"CreditAccept_5p",7988,1,7988.00,1,1,1.0000,3,7988.00,2662.67,7988.00,"participant2",1,"alice aliceBank",0.007988,0.479280,5,"participant1 participant2 participant3",3,"8206050eb51e13aa3e2b040e0bb43ff8"
Daml.Finance.Benchmark.Test.HoldingCreditBench_N_runSetup_run1,2026-01-28,Daml.Finance.Benchmark.Test.HoldingCreditBench_N:runSetup,"HoldingCreditSetup_5p",45372,8,5671.50,8,8,1.0000,19,5671.50,2388.00,5671.50,"participant2",1,"alice aliceBank",0.045372,2.722320,33,"participant1 participant2 participant3",3,"6eb61e13ba1df6d5af5f81b1b693b923"
Daml.Finance.Benchmark.Test.HoldingCreditBench_N_runCreditRequestAccept_run1,2026-01-28,Daml.Finance.Benchmark.Test.HoldingCreditBench_N:runCreditRequestAccept,"CreditRequestAccept_5p",13626,2,6813.00,2,2,1.0000,6,6813.00,2271.00,6813.00,"participant2",1,"alice aliceBank",0.013626,0.817560,9,"participant1 participant2 participant3",3,"ce3e92fc987987c6ad8a05acde174945"
Daml.Finance.Benchmark.Test.HoldingCreditBench_N_runSetup_run1,2026-01-28,Daml.Finance.Benchmark.Test.HoldingCreditBench_N:runSetup,"HoldingCreditSetup_3p",34359,8,4294.88,8,8,1.0000,8,4294.88,4294.88,4294.88,"participant1",1,"alice aliceBank",0.034359,2.061540,24,"participant1",1,"d46e84263d84e5da1fcced28d2e1c1ab"
Daml.Finance.Benchmark.Test.HoldingCreditBench_N_runCreditRequestAccept_run1,2026-01-28,Daml.Finance.Benchmark.Test.HoldingCreditBench_N:runCreditRequestAccept,"CreditRequestAccept_3p",9838,2,4919.00,2,2,1.0000,2,4919.00,4919.00,4919.00,"participant1",1,"alice aliceBank",0.009838,0.590280,6,"participant1",1,"3a8922d72a32c740eb251d77e2ca38aa"
Daml.Finance.Benchmark.Test.TransferBench_N_runSetup_run1,2026-01-29,Daml.Finance.Benchmark.Test.TransferBench_N:runSetup,"TransferSetup",55943,12,4661.92,12,12,1.0000,15,4661.92,3729.53,4661.92,"participant1",1,"alice aliceBank bob",0.055943,3.356580,38,"participant1 participant2",2,"ffc3db64a93b102ad3d0670f69a2aff5"
Daml.Finance.Benchmark.Test.TransferBench_N_runSetup_run1,2026-01-29,Daml.Finance.Benchmark.Test.TransferBench_N:runSetup,"TransferSetup",55955,12,4662.92,12,12,1.0000,15,4662.92,3730.33,4662.92,"participant1",1,"alice aliceBank bob",0.055955,3.357300,38,"participant1 participant2",2,"0cfe48fa001c22bdc7298e5c57f031ee"
Daml.Finance.Benchmark.Test.TransferBench_N_runTransferRequest_run1,2026-01-29,Daml.Finance.Benchmark.Test.TransferBench_N:runTransferRequest,"TransferRequest",5298,1,5298.00,1,1,1.0000,2,5298.00,2649.00,5298.00,"participant1",1,"alice aliceBank bob",0.005298,0.317880,4,"participant1 participant2",2,"91bb37b7c6e0d1c8226db26318a160d1"
Daml.Finance.Benchmark.Test.TransferBench_N_runSetup_run1,2026-01-29,Daml.Finance.Benchmark.Test.TransferBench_N:runSetup,"TransferSetup_3p",59340,12,4945.00,12,14,1.1667,16,4945.00,3708.75,4238.57,"participant1",1,"alice aliceBank bob",0.059340,3.560400,38,"participant1 participant2",2,"d2797ab6c485ef3a331690da287cf575"
Daml.Finance.Benchmark.Test.TransferBench_N_runTransferRequest_run1,2026-01-29,Daml.Finance.Benchmark.Test.TransferBench_N:runTransferRequest,"TransferRequest_3p",5289,1,5289.00,1,1,1.0000,2,5289.00,2644.50,5289.00,"participant1",1,"alice aliceBank bob",0.005289,0.317340,4,"participant1 participant2",2,"ff1d31b0c70086d16e40ad99d9d331da"
Daml.Finance.Benchmark.Test.TransferBench_N_runSetup_run1,2026-01-29,Daml.Finance.Benchmark.Test.TransferBench_N:runSetup,"TransferSetup_3p",59351,12,4945.92,12,14,1.1667,16,4945.92,3709.44,4239.36,"participant1",1,"alice aliceBank bob",0.059351,3.561060,38,"participant1 participant2",2,"c2f7e725b1f2fc36625eec65d806d60e"
Daml.Finance.Benchmark.Test.TransferBench_N_runTransferRequest_run1,2026-01-29,Daml.Finance.Benchmark.Test.TransferBench_N:runTransferRequest,"TransferRequest_3p",5290,1,5290.00,1,1,1.0000,2,5290.00,2645.00,5290.00,"participant1",1,"alice aliceBank bob",0.005290,0.317400,4,"participant1 participant2",2,"3617030eb38ed7987e5a51594f34c049"
Daml.Finance.Benchmark.Test.TransferBench_N_runSetup_run1,2026-01-29,Daml.Finance.Benchmark.Test.TransferBench_N:runSetup,"TransferSetup_3p",59320,12,4943.33,12,14,1.1667,16,4943.33,3707.50,4237.14,"participant1",1,"alice aliceBank bob",0.059320,3.559200,38,"participant1 participant2",2,"8249742d040c7f10620ad9817f060c93"
Daml.Finance.Benchmark.Test.TransferBench_N_runTransferRequest_run1,2026-01-29,Daml.Finance.Benchmark.Test.TransferBench_N:runTransferRequest,"TransferRequest_3p",5291,1,5291.00,1,1,1.0000,2,5291.00,2645.50,5291.00,"participant1",1,"alice aliceBank bob",0.005291,0.317460,4,"participant1 participant2",2,"d2c5dd3cbe96bd58ac49d4c834330f01"
Daml.Finance.Benchmark.Test.TransferBench_N_runSetup_run1,2026-01-29,Daml.Finance.Benchmark.Test.TransferBench_N:runSetup,"TransferSetup_3p",59375,12,4947.92,12,14,1.1667,16,4947.92,3710.94,4241.07,"participant1",1,"alice aliceBank bob",0.059375,3.562500,38,"participant1 participant2",2,"9c58c79cffcdddcf8d002c1e6ac4bff4"
Daml.Finance.Benchmark.Test.TransferBench_N_runSetup_run1,2026-01-29,Daml.Finance.Benchmark.Test.TransferBench_N:runSetup,"TransferSetup_3p",59433,12,4952.75,12,14,1.1667,16,4952.75,3714.56,4245.21,"participant1",1,"alice aliceBank bob",0.059433,3.565980,38,"participant1 participant2",2,"79a0a70b9a221983272ff40aa5603dbc"
Daml.Finance.Benchmark.Test.TransferBench_N_runSetup_run1,2026-01-29,Daml.Finance.Benchmark.Test.TransferBench_N:runSetup,"TransferSetup_3p",59336,12,4944.67,12,14,1.1667,16,4944.67,3708.50,4238.29,"participant1",1,"alice aliceBank bob",0.059336,3.560160,38,"participant1 participant2",2,"800bf4c371d364c0aeda49d884ad6bc2"
Daml.Finance.Benchmark.Test.TransferBench_N_runSetup_run1,2026-01-29,Daml.Finance.Benchmark.Test.TransferBench_N:runSetup,"TransferSetup_3p",60254,12,5021.17,12,14,1.1667,18,5021.17,3347.44,4303.86,"participant1",1,"alice aliceBank bob",0.060254,3.615240,38,"participant1 participant2",2,"3fefdfd7453ab47e80e1ee0e9a2b4e67"
Daml.Finance.Benchmark.Test.TransferBench_N_runTransferRequestAccept_run1,2026-01-29,Daml.Finance.Benchmark.Test.TransferBench_N:runTransferRequestAccept,"TransferRequestAccept_3p",12928,2,6464.00,2,2,1.0000,4,6464.00,3232.00,6464.00,"participant1",1,"alice aliceBank bob",0.012928,0.775680,8,"participant1 participant2",2,"b26872f3134a31dda8a882e1f7642a04"
Daml.Finance.Benchmark.Test.TransferBench_N_runSetup_run1,2026-01-29,Daml.Finance.Benchmark.Test.TransferBench_N:runSetup,"TransferSetup_3p",60306,12,5025.50,12,14,1.1667,18,5025.50,3350.33,4307.57,"participant1",1,"alice aliceBank bob",0.060306,3.618360,38,"participant1 participant2",2,"c345fcbc68fd64c09bbefcdf8467235b"
Daml.Finance.Benchmark.Test.TransferBench_N_runTransferRequestAccept_run1,2026-01-29,Daml.Finance.Benchmark.Test.TransferBench_N:runTransferRequestAccept,"TransferRequestAccept_3p",12937,2,6468.50,2,2,1.0000,4,6468.50,3234.25,6468.50,"participant1",1,"alice aliceBank bob",0.012937,0.776220,8,"participant1 participant2",2,"46c9bf0a407abf9fc683f84d43e124c1"
Daml.Finance.Benchmark.Test.TransferBench_N_runSetup_run1,2026-01-29,Daml.Finance.Benchmark.Test.TransferBench_N:runSetup,"TransferSetup_5p",74155,12,6179.58,12,14,1.1667,32,6179.58,2317.34,5296.79,"participant2",1,"alice aliceBank bob",0.074155,4.449300,49,"participant1 participant2 participant3",3,"a58e469ef699b327c4aa59fdb1cd2d3e"
Daml.Finance.Benchmark.Test.TransferBench_N_runTransferRequestAccept_run1,2026-01-29,Daml.Finance.Benchmark.Test.TransferBench_N:runTransferRequestAccept,"TransferRequestAccept_5p",16860,2,8430.00,2,4,2.0000,5,8430.00,3372.00,4215.00,"participant2",1,"alice aliceBank bob",0.016860,1.011600,8,"participant1 participant2 participant3",3,"0f85824b823228a448e9f496efc4024c"
Daml.Finance.Benchmark.Test.Settlement.RouteProvider_SingleCustodian_N_runSetup_run1,2026-01-29,Daml.Finance.Benchmark.Test.Settlement.RouteProvider_SingleCustodian_N:runSetup,"RouteProvider_Setup_3p",9085,2,4542.50,2,2,1.0000,4,4542.50,2271.25,4542.50,"participant1",1,"alice aliceBank bob",0.009085,0.545100,6,"participant1",1,"f826a17034c6b1fd6e63b75febfc48d7"
Daml.Finance.Benchmark.Test.Settlement.RouteProvider_SingleCustodian_N_runSetup_run1,2026-01-29,Daml.Finance.Benchmark.Test.Settlement.RouteProvider_SingleCustodian_N:runSetup,"RouteProvider_Init_3p",4548,1,4548.00,1,1,1.0000,2,4548.00,2274.00,4548.00,"participant1",1,"alice aliceBank bob",0.004548,0.272880,3,"participant1",1,"f9ca12d37f5ba5356dc83393c068a8b0"
Daml.Finance.Benchmark.Test.Settlement.RouteProvider_SingleCustodian_N_runSetup_run1,2026-01-29,Daml.Finance.Benchmark.Test.Settlement.RouteProvider_SingleCustodian_N:runSetup,"RouteProvider_Init_3p",4541,1,4541.00,1,1,1.0000,2,4541.00,2270.50,4541.00,"participant1",1,"alice aliceBank bob",0.004541,0.272460,3,"participant1",1,"e1fa6cbd7fb54b46770dc8078f055227"
Daml.Finance.Benchmark.Test.Settlement.RouteProvider_SingleCustodian_N_runCreateRouteProvider_run1,2026-01-29,Daml.Finance.Benchmark.Test.Settlement.RouteProvider_SingleCustodian_N:runCreateRouteProvider,"RouteProvider_Create_3p",8651,2,4325.50,2,2,1.0000,3,4325.50,2883.67,4325.50,"participant1",1,"alice aliceBank bob",0.008651,0.519060,6,"participant1",1,"74c87ede567131c81890444fd82b6056"
Daml.Finance.Benchmark.Test.Settlement.RouteProvider_SingleCustodian_N_runDiscoverRoutes_N_run1,2026-01-29,Daml.Finance.Benchmark.Test.Settlement.RouteProvider_SingleCustodian_N:runDiscoverRoutes_N,"RouteProvider_Discover_3p",4338,1,4338.00,1,1,1.0000,1,4338.00,4338.00,4338.00,"participant1",1,"alice aliceBank bob",0.004338,0.260280,3,"participant1",1,"cbd2645a265b09d7e8ad408bcb609605"
Daml.Finance.Benchmark.Test.Settlement.RouteProvider_SingleCustodian_N_runSetup_run1,2026-01-29,Daml.Finance.Benchmark.Test.Settlement.RouteProvider_SingleCustodian_N:runSetup,"RouteProvider_Setup_5p",5670,1,5670.00,1,1,1.0000,3,5670.00,1890.00,5670.00,"participant2",1,"alice aliceBank bob",0.005670,0.340200,4,"participant2 participant3",2,"41ba5fb1f326b085a395280d3dd6d2d9"
Daml.Finance.Benchmark.Test.Settlement.RouteProvider_SingleCustodian_N_runCreateRouteProvider_run1,2026-01-29,Daml.Finance.Benchmark.Test.Settlement.RouteProvider_SingleCustodian_N:runCreateRouteProvider,"RouteProvider_Create_5p",10918,2,5459.00,2,2,1.0000,5,5459.00,2183.60,5459.00,"participant2",1,"alice aliceBank bob",0.010918,0.655080,8,"participant2 participant3",2,"a55d97837a1101608deab60a75c3f0bc"
Daml.Finance.Benchmark.Test.Settlement.RouteProvider_SingleCustodian_N_runDiscoverRoutes_N_run1,2026-01-29,Daml.Finance.Benchmark.Test.Settlement.RouteProvider_SingleCustodian_N:runDiscoverRoutes_N,"RouteProvider_Discover_5p",5486,1,5486.00,1,1,1.0000,2,5486.00,2743.00,5486.00,"participant2",1,"alice aliceBank bob",0.005486,0.329160,4,"participant2 participant3",2,"6b5366bce2188fc3606fd62a3a49e5b6"
Daml.Finance.Benchmark.Test.Settlement.RouteProvider_SingleCustodian_N_runSetup_run1,2026-01-30,Daml.Finance.Benchmark.Test.Settlement.RouteProvider_SingleCustodian_N:runSetup,"RouteProvider_Setup_5p",5681,1,5681.00,1,1,1.0000,3,5681.00,1893.67,5681.00,"participant2",1,"alice aliceBank bob",0.005681,0.340860,4,"participant2 participant3",2,"50b5de1fc18f73d800ceadc7bcd0f0c7"
Daml.Finance.Benchmark.Test.Settlement.RouteProvider_SingleCustodian_N_runCreateRouteProvider_run1,2026-01-30,Daml.Finance.Benchmark.Test.Settlement.RouteProvider_SingleCustodian_N:runCreateRouteProvider,"RouteProvider_Create_5p",10931,2,5465.50,2,2,1.0000,5,5465.50,2186.20,5465.50,"participant2",1,"alice aliceBank bob",0.010931,0.655860,8,"participant2 participant3",2,"841501302faeabeca102a8bd9a9f0d53"
Daml.Finance.Benchmark.Test.Settlement.RouteProvider_SingleCustodian_N_runDiscoverRoutes_N_run1,2026-01-30,Daml.Finance.Benchmark.Test.Settlement.RouteProvider_SingleCustodian_N:runDiscoverRoutes_N,"RouteProvider_Discover_5p",5487,1,5487.00,1,1,1.0000,2,5487.00,2743.50,5487.00,"participant2",1,"alice aliceBank bob",0.005487,0.329220,4,"participant2 participant3",2,"99165c6c586053565fbd1b5e7caf0a0a"
Daml.Finance.Benchmark.Test.Lifecycle.Lifecycling_Distribution_Elementary_N_runSetupLifecycling_run1,2026-01-30,Daml.Finance.Benchmark.Test.Lifecycle.Lifecycling_Distribution_Elementary_N:runSetupLifecycling,"Lifecycling_Setup_3p",68064,14,4861.71,14,14,1.0000,22,4861.71,3093.82,4861.71,"participant2",1,"bob bobBank",0.068064,4.083840,47,"participant1 participant2",2,"56415b100a56bd73286eb72731a31f15"
Daml.Finance.Benchmark.Test.Lifecycle.Lifecycling_Distribution_Elementary_N_runSetupLifecycling_run1,2026-01-30,Daml.Finance.Benchmark.Test.Lifecycle.Lifecycling_Distribution_Elementary_N:runSetupLifecycling,"Lifecycling_Setup_3p",68874,14,4919.57,14,14,1.0000,24,4919.57,2869.75,4919.57,"participant2",1,"bob bobBank",0.068874,4.132440,47,"participant1 participant2",2,"ea9f7f4da1f4dd784ee48594a6458d39"
Daml.Finance.Benchmark.Test.Lifecycle.Lifecycling_Distribution_Elementary_N_runLifecyclingOnce_run1,2026-01-30,Daml.Finance.Benchmark.Test.Lifecycle.Lifecycling_Distribution_Elementary_N:runLifecyclingOnce,"Lifecycling_RunOnce_3p",80724,13,6209.54,13,14,1.0769,24,6209.54,3363.50,5766.00,"participant2",1,"bob bobBank",0.080724,4.843440,45,"participant1 participant2",2,"345aee62edc9944a009717b39d992fc8"
Daml.Finance.Benchmark.Test.Lifecycle.Lifecycling_Distribution_Elementary_N_runSetupLifecycling_run1,2026-01-30,Daml.Finance.Benchmark.Test.Lifecycle.Lifecycling_Distribution_Elementary_N:runSetupLifecycling,"Lifecycling_Setup_5p",76318,14,5451.29,14,14,1.0000,28,5451.29,2725.64,5451.29,"participant2",1,"aliceBank bob",0.076318,4.579080,54,"participant2 participant3",2,"2f5ba63b21163aa582f3c97f8b079190"
Daml.Finance.Benchmark.Test.Lifecycle.Lifecycling_Distribution_Elementary_N_runSetupLifecycling_run1,2026-01-30,Daml.Finance.Benchmark.Test.Lifecycle.Lifecycling_Distribution_Elementary_N:runSetupLifecycling,"Lifecycling_Setup_5p",83711,14,5979.36,14,14,1.0000,38,5979.36,2202.92,5979.36,"participant2",1,"alice aliceBank",0.083711,5.022660,59,"participant1 participant2 participant3",3,"32090c769c356e4203e461333999c696"
Daml.Finance.Benchmark.Test.Lifecycle.Lifecycling_Distribution_Elementary_N_runLifecyclingOnce_run1,2026-01-30,Daml.Finance.Benchmark.Test.Lifecycle.Lifecycling_Distribution_Elementary_N:runLifecyclingOnce,"Lifecycling_RunOnce_5p",96419,13,7416.85,13,14,1.0769,37,7416.85,2605.92,6887.07,"participant2",1,"alice aliceBank",0.096419,5.785140,58,"participant1 participant2 participant3",3,"c34d924a9ce8675baadcbc6009a2f638"
Daml.Finance.Benchmark.Test.Lifecycle.Lifecycling_Distribution_Elementary_N_runSetupLifecycling_run1,2026-01-30,Daml.Finance.Benchmark.Test.Lifecycle.Lifecycling_Distribution_Elementary_N:runSetupLifecycling,"Lifecycling_Setup_5p",89428,15,5961.87,15,15,1.0000,41,5961.87,2181.17,5961.87,"participant2",1,"alice aliceBank",0.089428,5.365680,63,"participant1 participant2 participant3",3,"d361e6db4b43d4927149cb407dc35156"
Daml.Finance.Benchmark.Test.Lifecycle.Lifecycling_Distribution_Elementary_N_runSetupLifecycling_run1,2026-01-30,Daml.Finance.Benchmark.Test.Lifecycle.Lifecycling_Distribution_Elementary_N:runSetupLifecycling,"Lifecycling_Setup_5p",89369,15,5957.93,15,15,1.0000,41,5957.93,2179.73,5957.93,"participant2",1,"alice aliceBank",0.089369,5.362140,63,"participant1 participant2 participant3",3,"09bae9fdde5d2748186877a0bd457dc0"
Daml.Finance.Benchmark.Test.Lifecycle.Lifecycling_Distribution_Elementary_N_runSetupLifecycling_run1,2026-01-30,Daml.Finance.Benchmark.Test.Lifecycle.Lifecycling_Distribution_Elementary_N:runSetupLifecycling,"Lifecycling_Setup_5p",89333,15,5955.53,15,15,1.0000,41,5955.53,2178.85,5955.53,"participant2",1,"alice aliceBank",0.089333,5.359980,63,"participant1 participant2 participant3",3,"823b1d8196c91e250908b3448df244ac"
Daml.Finance.Benchmark.Test.Lifecycle.Lifecycling_Distribution_Elementary_N_runSetupLifecycling_run1,2026-01-30,Daml.Finance.Benchmark.Test.Lifecycle.Lifecycling_Distribution_Elementary_N:runSetupLifecycling,"Lifecycling_Setup_5p",89442,15,5962.80,15,15,1.0000,41,5962.80,2181.51,5962.80,"participant2",1,"alice aliceBank",0.089442,5.366520,63,"participant1 participant2 participant3",3,"897ad51fa51e558c6b6d47ab3ca04982"
Daml.Finance.Benchmark.Test.Lifecycle.Lifecycling_Distribution_Elementary_N_runSetupLifecycling_run1,2026-01-30,Daml.Finance.Benchmark.Test.Lifecycle.Lifecycling_Distribution_Elementary_N:runSetupLifecycling,"Lifecycling_Setup_5p",89545,15,5969.67,15,15,1.0000,41,5969.67,2184.02,5969.67,"participant2",1,"alice aliceBank",0.089545,5.372700,63,"participant1 participant2 participant3",3,"db9a9f2e5255208e5b4ea38db86b4c6d"
Daml.Finance.Benchmark.Test.Lifecycle.Lifecycling_Distribution_Elementary_N_runSetupLifecycling_run1,2026-01-30,Daml.Finance.Benchmark.Test.Lifecycle.Lifecycling_Distribution_Elementary_N:runSetupLifecycling,"Lifecycling_Setup_5p",89587,15,5972.47,15,15,1.0000,41,5972.47,2185.05,5972.47,"participant2",1,"alice aliceBank",0.089587,5.375220,63,"participant1 participant2 participant3",3,"04e5ff37874e0de3eb61560d59134cf7"
Daml.Finance.Benchmark.Test.Lifecycle.Lifecycling_Distribution_Elementary_N_runSetupLifecycling_run1,2026-01-30,Daml.Finance.Benchmark.Test.Lifecycle.Lifecycling_Distribution_Elementary_N:runSetupLifecycling,"Lifecycling_Setup_5p",89453,15,5963.53,15,15,1.0000,41,5963.53,2181.78,5963.53,"participant2",1,"alice aliceBank",0.089453,5.367180,63,"participant1 participant2 participant3",3,"74929f305237471cf998b62e8f235ec5"
Daml.Finance.Benchmark.Test.Lifecycle.Lifecycling_Distribution_Elementary_N_runSetupLifecycling_run1,2026-01-30,Daml.Finance.Benchmark.Test.Lifecycle.Lifecycling_Distribution_Elementary_N:runSetupLifecycling,"Lifecycling_Setup_5p",89460,15,5964.00,15,15,1.0000,41,5964.00,2181.95,5964.00,"participant2",1,"alice aliceBank",0.089460,5.367600,63,"participant1 participant2 participant3",3,"aea239f8b635b4a5ce4406a3d2340a1b"
Daml.Finance.Benchmark.Test.Lifecycle.Lifecycling_Distribution_Elementary_N_runStep1_CreateRulesEventEvolve_run1,2026-01-30,Daml.Finance.Benchmark.Test.Lifecycle.Lifecycling_Distribution_Elementary_N:runStep1_CreateRulesEventEvolve,"Lifecycling_Step1_CreateRulesEventEvolve",8559,1,8559.00,1,1,1.0000,3,8559.00,2853.00,8559.00,"participant2",1,"alice aliceBank",0.008559,0.513540,4,"participant2 participant3",2,"147d29df0f9dba3c6429c48aa79e9441"
Daml.Finance.Benchmark.Test.Lifecycle.Lifecycling_Distribution_Elementary_N_runSetupLifecycling_run1,2026-01-30,Daml.Finance.Benchmark.Test.Lifecycle.Lifecycling_Distribution_Elementary_N:runSetupLifecycling,"Lifecycling_Setup_5p",89588,15,5972.53,15,15,1.0000,41,5972.53,2185.07,5972.53,"participant2",1,"alice aliceBank",0.089588,5.375280,63,"participant1 participant2 participant3",3,"19abae0a6ed94bba5a08830511f87f80"
Daml.Finance.Benchmark.Test.Lifecycle.Lifecycling_Distribution_Elementary_N_runStep1_CreateRulesEventEvolve_run1,2026-01-30,Daml.Finance.Benchmark.Test.Lifecycle.Lifecycling_Distribution_Elementary_N:runStep1_CreateRulesEventEvolve,"Lifecycling_Step1_CreateRulesEventEvolve",8582,1,8582.00,1,1,1.0000,3,8582.00,2860.67,8582.00,"participant2",1,"alice aliceBank",0.008582,0.514920,4,"participant2 participant3",2,"b33ff9a059c896c5bc775051cd16b54e"
Daml.Finance.Benchmark.Test.Lifecycle.Lifecycling_Distribution_Elementary_N_runStep2_Claim_run1,2026-01-30,Daml.Finance.Benchmark.Test.Lifecycle.Lifecycling_Distribution_Elementary_N:runStep2_Claim,"Lifecycling_Step2_Claim",9493,1,9493.00,1,1,1.0000,3,9493.00,3164.33,9493.00,"participant2",1,"alice aliceBank",0.009493,0.569580,5,"participant1 participant2 participant3",3,"06ba725f3a531b61397a809646eacc34"
Daml.Finance.Benchmark.Test.Lifecycle.Lifecycling_Distribution_Elementary_N_runStep3a_AllocateBob_run1,2026-01-30,Daml.Finance.Benchmark.Test.Lifecycle.Lifecycling_Distribution_Elementary_N:runStep3a_AllocateBob,"Lifecycling_Step3a_AllocateBob",10285,1,10285.00,1,1,1.0000,3,10285.00,3428.33,10285.00,"participant2",1,"alice aliceBank",0.010285,0.617100,5,"participant1 participant2 participant3",3,"2834546c707e60c8aace44d3ef888bfb"
Daml.Finance.Benchmark.Test.Lifecycle.Lifecycling_Distribution_Elementary_N_runStep3b_AllocateBank_run1,2026-01-30,Daml.Finance.Benchmark.Test.Lifecycle.Lifecycling_Distribution_Elementary_N:runStep3b_AllocateBank,"Lifecycling_Step3b_AllocateBank",7313,1,7313.00,1,1,1.0000,3,7313.00,2437.67,7313.00,"participant2",1,"alice aliceBank",0.007313,0.438780,4,"participant2 participant3",2,"200b5c3210b85da3b2a28682fdf7ec8e"
Daml.Finance.Benchmark.Test.Lifecycle.Lifecycling_Distribution_Elementary_N_runStep3c_AllocateCoupon_run1,2026-01-30,Daml.Finance.Benchmark.Test.Lifecycle.Lifecycling_Distribution_Elementary_N:runStep3c_AllocateCoupon,"Lifecycling_Step3c_AllocateCoupon",7399,1,7399.00,1,1,1.0000,3,7399.00,2466.33,7399.00,"participant2",1,"alice aliceBank",0.007399,0.443940,4,"participant2 participant3",2,"b4b5622e88a97bb1e60d192fcf112c1d"
Daml.Finance.Benchmark.Test.Lifecycle.Lifecycling_Distribution_Elementary_N_runStep4a_ApproveBob_run1,2026-01-30,Daml.Finance.Benchmark.Test.Lifecycle.Lifecycling_Distribution_Elementary_N:runStep4a_ApproveBob,"Lifecycling_Step4a_ApproveBob",8143,1,8143.00,1,1,1.0000,3,8143.00,2714.33,8143.00,"participant2",1,"alice aliceBank",0.008143,0.488580,5,"participant1 participant2 participant3",3,"5b0de19d2b214e79707761f49ace0f2e"
Daml.Finance.Benchmark.Test.Lifecycle.Lifecycling_Distribution_Elementary_N_runSetupLifecycling_run1,2026-01-30,Daml.Finance.Benchmark.Test.Lifecycle.Lifecycling_Distribution_Elementary_N:runSetupLifecycling,"Lifecycling_Setup_5p",89426,15,5961.73,15,15,1.0000,41,5961.73,2181.12,5961.73,"participant2",1,"alice aliceBank",0.089426,5.365560,63,"participant1 participant2 participant3",3,"127bcfa032a878316c64cfd26d50720f"
Daml.Finance.Benchmark.Test.Lifecycle.Lifecycling_Distribution_Elementary_N_runStep1_CreateRulesEventEvolve_run1,2026-01-30,Daml.Finance.Benchmark.Test.Lifecycle.Lifecycling_Distribution_Elementary_N:runStep1_CreateRulesEventEvolve,"Lifecycling_Step1_CreateRulesEventEvolve",8549,1,8549.00,1,1,1.0000,3,8549.00,2849.67,8549.00,"participant2",1,"alice aliceBank",0.008549,0.512940,4,"participant2 participant3",2,"b077d717f7fe2e8086e4e15855df9987"
Daml.Finance.Benchmark.Test.Lifecycle.Lifecycling_Distribution_Elementary_N_runStep2_Claim_run1,2026-01-30,Daml.Finance.Benchmark.Test.Lifecycle.Lifecycling_Distribution_Elementary_N:runStep2_Claim,"Lifecycling_Step2_Claim",9490,1,9490.00,1,1,1.0000,3,9490.00,3163.33,9490.00,"participant2",1,"alice aliceBank",0.009490,0.569400,5,"participant1 participant2 participant3",3,"4d056322b751b2a71b4cab1737a5a1e1"
Daml.Finance.Benchmark.Test.Lifecycle.Lifecycling_Distribution_Elementary_N_runStep3a_AllocateBob_run1,2026-01-30,Daml.Finance.Benchmark.Test.Lifecycle.Lifecycling_Distribution_Elementary_N:runStep3a_AllocateBob,"Lifecycling_Step3a_AllocateBob",10271,1,10271.00,1,1,1.0000,3,10271.00,3423.67,10271.00,"participant2",1,"alice aliceBank",0.010271,0.616260,5,"participant1 participant2 participant3",3,"63b11ff24e182eb58c3e7311792723fe"
Daml.Finance.Benchmark.Test.Lifecycle.Lifecycling_Distribution_Elementary_N_runStep3b_AllocateBank_run1,2026-01-30,Daml.Finance.Benchmark.Test.Lifecycle.Lifecycling_Distribution_Elementary_N:runStep3b_AllocateBank,"Lifecycling_Step3b_AllocateBank",8254,1,8254.00,1,1,1.0000,3,8254.00,2751.33,8254.00,"participant2",1,"alice aliceBank",0.008254,0.495240,5,"participant2 participant3",2,"a0c9dba4c6e607954e8be35ab927e971"
Daml.Finance.Benchmark.Test.Lifecycle.Lifecycling_Distribution_Elementary_N_runStep3c_AllocateCoupon_run1,2026-01-30,Daml.Finance.Benchmark.Test.Lifecycle.Lifecycling_Distribution_Elementary_N:runStep3c_AllocateCoupon,"Lifecycling_Step3c_AllocateCoupon",7397,1,7397.00,1,1,1.0000,3,7397.00,2465.67,7397.00,"participant2",1,"alice aliceBank",0.007397,0.443820,4,"participant2 participant3",2,"5367bb7b286777e2293eeb1f5adbfbad"
Daml.Finance.Benchmark.Test.Lifecycle.Lifecycling_Distribution_Elementary_N_runStep4a_ApproveBob_run1,2026-01-30,Daml.Finance.Benchmark.Test.Lifecycle.Lifecycling_Distribution_Elementary_N:runStep4a_ApproveBob,"Lifecycling_Step4a_ApproveBob",8139,1,8139.00,1,1,1.0000,3,8139.00,2713.00,8139.00,"participant2",1,"alice aliceBank",0.008139,0.488340,5,"participant1 participant2 participant3",3,"b02fa3de6faa27e50807d3637ec60e93"
Daml.Finance.Benchmark.Test.Lifecycle.Lifecycling_Distribution_Elementary_N_runSetupLifecycling_run1,2026-01-30,Daml.Finance.Benchmark.Test.Lifecycle.Lifecycling_Distribution_Elementary_N:runSetupLifecycling,"Lifecycling_Setup_5p",89478,15,5965.20,15,15,1.0000,41,5965.20,2182.39,5965.20,"participant2",1,"alice aliceBank",0.089478,5.368680,63,"participant1 participant2 participant3",3,"d6cc62a75385a0ca747f8547fd66a81f"
Daml.Finance.Benchmark.Test.Lifecycle.Lifecycling_Distribution_Elementary_N_runStep1_CreateRulesEventEvolve_run1,2026-01-30,Daml.Finance.Benchmark.Test.Lifecycle.Lifecycling_Distribution_Elementary_N:runStep1_CreateRulesEventEvolve,"Lifecycling_Step1_CreateRulesEventEvolve",8553,1,8553.00,1,1,1.0000,3,8553.00,2851.00,8553.00,"participant2",1,"alice aliceBank",0.008553,0.513180,4,"participant2 participant3",2,"d1316ef70c47821414ec8625d160346a"
Daml.Finance.Benchmark.Test.Lifecycle.Lifecycling_Distribution_Elementary_N_runStep2_Claim_run1,2026-01-30,Daml.Finance.Benchmark.Test.Lifecycle.Lifecycling_Distribution_Elementary_N:runStep2_Claim,"Lifecycling_Step2_Claim",10426,1,10426.00,1,1,1.0000,3,10426.00,3475.33,10426.00,"participant2",1,"alice aliceBank",0.010426,0.625560,6,"participant1 participant2 participant3",3,"7825481b7c7638d3dbed790e5894fa39"
Daml.Finance.Benchmark.Test.Lifecycle.Lifecycling_Distribution_Elementary_N_runStep3_AllocateAll_run1,2026-01-30,Daml.Finance.Benchmark.Test.Lifecycle.Lifecycling_Distribution_Elementary_N:runStep3_AllocateAll,"Lifecycling_Step3_AllocateAll",25872,3,8624.00,3,3,1.0000,9,8624.00,2874.67,8624.00,"participant2",1,"alice aliceBank",0.025872,1.552320,14,"participant1 participant2 participant3",3,"3bde8009d41416f2ca4af37942875962"
Daml.Finance.Benchmark.Test.Lifecycle.Lifecycling_Distribution_Elementary_N_runSetupLifecycling_run1,2026-02-02,Daml.Finance.Benchmark.Test.Lifecycle.Lifecycling_Distribution_Elementary_N:runSetupLifecycling,"Lifecycling_Setup_5p",89533,15,5968.87,15,15,1.0000,41,5968.87,2183.73,5968.87,"participant2",1,"alice aliceBank",0.089533,5.371980,63,"participant1 participant2 participant3",3,"dc7dbafb32268d6efcb7f55cf87234f3"
Daml.Finance.Benchmark.Test.Lifecycle.Lifecycling_Distribution_Elementary_N_runStep1_CreateRulesEventEvolve_run1,2026-02-02,Daml.Finance.Benchmark.Test.Lifecycle.Lifecycling_Distribution_Elementary_N:runStep1_CreateRulesEventEvolve,"Lifecycling_Step1_CreateRulesEventEvolve",8549,1,8549.00,1,1,1.0000,3,8549.00,2849.67,8549.00,"participant2",1,"alice aliceBank",0.008549,0.512940,4,"participant2 participant3",2,"8fbd141134ca5d7068177c5349f432e2"
Daml.Finance.Benchmark.Test.Lifecycle.Lifecycling_Distribution_Elementary_N_runStep2_Claim_run1,2026-02-02,Daml.Finance.Benchmark.Test.Lifecycle.Lifecycling_Distribution_Elementary_N:runStep2_Claim,"Lifecycling_Step2_Claim",10390,1,10390.00,1,1,1.0000,3,10390.00,3463.33,10390.00,"participant2",1,"alice aliceBank",0.010390,0.623400,6,"participant1 participant2 participant3",3,"2a19810661155460f584cbdc8acdc559"
Daml.Finance.Benchmark.Test.Lifecycle.Lifecycling_Distribution_Elementary_N_runStep3_AllocateAll_run1,2026-02-02,Daml.Finance.Benchmark.Test.Lifecycle.Lifecycling_Distribution_Elementary_N:runStep3_AllocateAll,"Lifecycling_Step3_AllocateAll",24965,3,8321.67,3,3,1.0000,9,8321.67,2773.89,8321.67,"participant2",1,"alice aliceBank",0.024965,1.497900,13,"participant1 participant2 participant3",3,"d8f24c4105ad06837666cc7904183aaf"
Daml.Finance.Benchmark.Test.Lifecycle.Lifecycling_Distribution_Elementary_N_runSetupLifecycling_run1,2026-02-02,Daml.Finance.Benchmark.Test.Lifecycle.Lifecycling_Distribution_Elementary_N:runSetupLifecycling,"Lifecycling_Setup_5p",89468,15,5964.53,15,15,1.0000,41,5964.53,2182.15,5964.53,"participant2",1,"alice aliceBank",0.089468,5.368080,63,"participant1 participant2 participant3",3,"5a0aebdd65f46e09af263f68626bb435"
Daml.Finance.Benchmark.Test.Lifecycle.Lifecycling_Distribution_Elementary_N_runStep1_CreateRulesEventEvolve_run1,2026-02-02,Daml.Finance.Benchmark.Test.Lifecycle.Lifecycling_Distribution_Elementary_N:runStep1_CreateRulesEventEvolve,"Lifecycling_Step1_CreateRulesEventEvolve",8561,1,8561.00,1,1,1.0000,3,8561.00,2853.67,8561.00,"participant2",1,"alice aliceBank",0.008561,0.513660,4,"participant2 participant3",2,"a6d933c58dfc1dfc135588adf3819dd0"
Daml.Finance.Benchmark.Test.Lifecycle.Lifecycling_Distribution_Elementary_N_runStep2_Claim_run1,2026-02-02,Daml.Finance.Benchmark.Test.Lifecycle.Lifecycling_Distribution_Elementary_N:runStep2_Claim,"Lifecycling_Step2_Claim",9485,1,9485.00,1,1,1.0000,3,9485.00,3161.67,9485.00,"participant2",1,"alice aliceBank",0.009485,0.569100,5,"participant1 participant2 participant3",3,"25b7123d5712da0af0456945e8191499"
Daml.Finance.Benchmark.Test.Lifecycle.Lifecycling_Distribution_Elementary_N_runStep3_AllocateAll_run1,2026-02-02,Daml.Finance.Benchmark.Test.Lifecycle.Lifecycling_Distribution_Elementary_N:runStep3_AllocateAll,"Lifecycling_Step3_AllocateAll",24944,3,8314.67,3,3,1.0000,9,8314.67,2771.56,8314.67,"participant2",1,"alice aliceBank",0.024944,1.496640,13,"participant1 participant2 participant3",3,"7311c1aea0ebd7d87e385795b044d779"
Daml.Finance.Benchmark.Test.Lifecycle.Lifecycling_Distribution_Elementary_N_runSetupLifecycling_run1,2026-02-02,Daml.Finance.Benchmark.Test.Lifecycle.Lifecycling_Distribution_Elementary_N:runSetupLifecycling,"Lifecycling_Setup_5p",89520,15,5968.00,15,15,1.0000,41,5968.00,2183.41,5968.00,"participant2",1,"alice aliceBank",0.089520,5.371200,63,"participant1 participant2 participant3",3,"ff68354982855f6b91cce5014844df64"
Daml.Finance.Benchmark.Test.Lifecycle.Lifecycling_Distribution_Elementary_N_runStep1_CreateRulesEventEvolve_run1,2026-02-02,Daml.Finance.Benchmark.Test.Lifecycle.Lifecycling_Distribution_Elementary_N:runStep1_CreateRulesEventEvolve,"Lifecycling_Step1_CreateRulesEventEvolve",8571,1,8571.00,1,1,1.0000,3,8571.00,2857.00,8571.00,"participant2",1,"alice aliceBank",0.008571,0.514260,4,"participant2 participant3",2,"1e4a6a0f386f3cae0600e68867680306"
Daml.Finance.Benchmark.Test.Lifecycle.Lifecycling_Distribution_Elementary_N_runStep2_Claim_run1,2026-02-02,Daml.Finance.Benchmark.Test.Lifecycle.Lifecycling_Distribution_Elementary_N:runStep2_Claim,"Lifecycling_Step2_Claim",9509,1,9509.00,1,1,1.0000,3,9509.00,3169.67,9509.00,"participant2",1,"alice aliceBank",0.009509,0.570540,5,"participant1 participant2 participant3",3,"dc1b132db057d6dabb07ed40e9f293e3"
Daml.Finance.Benchmark.Test.Lifecycle.Lifecycling_Distribution_Elementary_N_runStep3_AllocateAll_run1,2026-02-02,Daml.Finance.Benchmark.Test.Lifecycle.Lifecycling_Distribution_Elementary_N:runStep3_AllocateAll,"Lifecycling_Step3_AllocateAll",25871,3,8623.67,3,3,1.0000,9,8623.67,2874.56,8623.67,"participant2",1,"alice aliceBank",0.025871,1.552260,14,"participant1 participant2 participant3",3,"4c4c2b2bc767c67b7432acc2c821a229"
Daml.Finance.Benchmark.Test.Lifecycle.Lifecycling_Distribution_Elementary_N_runSetupLifecycling_run1,2026-02-02,Daml.Finance.Benchmark.Test.Lifecycle.Lifecycling_Distribution_Elementary_N:runSetupLifecycling,"Lifecycling_Setup_5p",89556,15,5970.40,15,15,1.0000,41,5970.40,2184.29,5970.40,"participant2",1,"alice aliceBank",0.089556,5.373360,63,"participant1 participant2 participant3",3,"8b38d76de1b12874de27a6df9cb79587"
Daml.Finance.Benchmark.Test.Lifecycle.Lifecycling_Distribution_Elementary_N_runSetupLifecycling_run1,2026-02-02,Daml.Finance.Benchmark.Test.Lifecycle.Lifecycling_Distribution_Elementary_N:runSetupLifecycling,"Lifecycling_Setup_5p",89516,15,5967.73,15,15,1.0000,41,5967.73,2183.32,5967.73,"participant2",1,"alice aliceBank",0.089516,5.370960,63,"participant1 participant2 participant3",3,"19545d17a34c3c33b481e368bb387e8d"
Daml.Finance.Benchmark.Test.Lifecycle.Lifecycling_Distribution_Elementary_N_runStep1_CreateRulesEventEvolve_run1,2026-02-02,Daml.Finance.Benchmark.Test.Lifecycle.Lifecycling_Distribution_Elementary_N:runStep1_CreateRulesEventEvolve,"Lifecycling_Step1_CreateRulesEventEvolve",8571,1,8571.00,1,1,1.0000,3,8571.00,2857.00,8571.00,"participant2",1,"alice aliceBank",0.008571,0.514260,4,"participant2 participant3",2,"9a352f0e4171509f82357b804d0adf63"
Daml.Finance.Benchmark.Test.Lifecycle.Lifecycling_Distribution_Elementary_N_runStep2_Claim_run1,2026-02-02,Daml.Finance.Benchmark.Test.Lifecycle.Lifecycling_Distribution_Elementary_N:runStep2_Claim,"Lifecycling_Step2_Claim",9485,1,9485.00,1,1,1.0000,3,9485.00,3161.67,9485.00,"participant2",1,"alice aliceBank",0.009485,0.569100,5,"participant1 participant2 participant3",3,"cb133259e6e7db1eb154587d54433109"
Daml.Finance.Benchmark.Test.Lifecycle.Lifecycling_Distribution_Elementary_N_runStep3_AllocateAll_run1,2026-02-02,Daml.Finance.Benchmark.Test.Lifecycle.Lifecycling_Distribution_Elementary_N:runStep3_AllocateAll,"Lifecycling_Step3_AllocateAll",24935,3,8311.67,3,3,1.0000,9,8311.67,2770.56,8311.67,"participant2",1,"alice aliceBank",0.024935,1.496100,13,"participant1 participant2 participant3",3,"2a2991ff8952d33d399b13f54eb09d53"
Daml.Finance.Benchmark.Test.Lifecycle.Lifecycling_Distribution_Elementary_N_runDebug_BenchLookup_run1,2026-02-02,Daml.Finance.Benchmark.Test.Lifecycle.Lifecycling_Distribution_Elementary_N:runDebug_BenchLookup,"Lifecycling_Debug_BenchLookup",0,0,NA,0,0,NA,0,NA,NA,NA,"none",0,"alice aliceBank",0.000000,0.000000,0,"none",0,""
Daml.Finance.Benchmark.Test.Lifecycle.Lifecycling_Distribution_Elementary_N_runSetupLifecycling_run1,2026-02-02,Daml.Finance.Benchmark.Test.Lifecycle.Lifecycling_Distribution_Elementary_N:runSetupLifecycling,"Lifecycling_Setup_5p",89600,15,5973.33,15,15,1.0000,41,5973.33,2185.37,5973.33,"participant2",1,"alice aliceBank",0.089600,5.376000,63,"participant1 participant2 participant3",3,"f39506761df615355427cb8b185c6501"
Daml.Finance.Benchmark.Test.Lifecycle.Lifecycling_Distribution_Elementary_N_runStep1_CreateRulesEventEvolve_run1,2026-02-02,Daml.Finance.Benchmark.Test.Lifecycle.Lifecycling_Distribution_Elementary_N:runStep1_CreateRulesEventEvolve,"Lifecycling_Step1_CreateRulesEventEvolve",8579,1,8579.00,1,1,1.0000,3,8579.00,2859.67,8579.00,"participant2",1,"alice aliceBank",0.008579,0.514740,4,"participant2 participant3",2,"22c70b784bc1cc8084666ba40857c141"
Daml.Finance.Benchmark.Test.Lifecycle.Lifecycling_Distribution_Elementary_N_runStep2_Claim_run1,2026-02-02,Daml.Finance.Benchmark.Test.Lifecycle.Lifecycling_Distribution_Elementary_N:runStep2_Claim,"Lifecycling_Step2_Claim",9510,1,9510.00,1,1,1.0000,3,9510.00,3170.00,9510.00,"participant2",1,"alice aliceBank",0.009510,0.570600,5,"participant1 participant2 participant3",3,"40363cf4aabe1084af10b05ccdaeb2ad"
Daml.Finance.Benchmark.Test.Lifecycle.Lifecycling_Distribution_Elementary_N_runStep3_AllocateAll_run1,2026-02-02,Daml.Finance.Benchmark.Test.Lifecycle.Lifecycling_Distribution_Elementary_N:runStep3_AllocateAll,"Lifecycling_Step3_AllocateAll",24954,3,8318.00,3,3,1.0000,9,8318.00,2772.67,8318.00,"participant2",1,"alice aliceBank",0.024954,1.497240,13,"participant1 participant2 participant3",3,"6eeb7a722d557c24cf319b49cd8fce40"
Daml.Finance.Benchmark.Test.Lifecycle.Lifecycling_Distribution_Elementary_N_runDebug_BenchLookup_run1,2026-02-02,Daml.Finance.Benchmark.Test.Lifecycle.Lifecycling_Distribution_Elementary_N:runDebug_BenchLookup,"Lifecycling_Debug_BenchLookup",0,0,NA,0,0,NA,0,NA,NA,NA,"none",0,"alice aliceBank",0.000000,0.000000,0,"none",0,""
Daml.Finance.Benchmark.Test.Lifecycle.Lifecycling_Distribution_Elementary_N_runStep4_ApproveAll_run1,2026-02-02,Daml.Finance.Benchmark.Test.Lifecycle.Lifecycling_Distribution_Elementary_N:runStep4_ApproveAll,"Lifecycling_Step4_ApproveAll",30516,3,10172.00,3,4,1.3333,9,10172.00,3390.67,7629.00,"participant2",1,"alice aliceBank",0.030516,1.830960,16,"participant1 participant2 participant3",3,"ee2e1d0bb6d5de2bebbf9e4ab1eb1571"
Daml.Finance.Benchmark.Test.Lifecycle.Lifecycling_Distribution_Elementary_N_runStep5_Settle_run1,2026-02-02,Daml.Finance.Benchmark.Test.Lifecycle.Lifecycling_Distribution_Elementary_N:runStep5_Settle,"Lifecycling_Step5_Settle",12634,1,12634.00,1,1,1.0000,3,12634.00,4211.33,12634.00,"participant2",1,"alice aliceBank",0.012634,0.758040,5,"participant1 participant2 participant3",3,"75f18465c70307901ab51b36bc341ffd"
Daml.Finance.Benchmark.Test.Lifecycle.Lifecycling_Distribution_Elementary_N_runSetupLifecycling_run1,2026-02-02,Daml.Finance.Benchmark.Test.Lifecycle.Lifecycling_Distribution_Elementary_N:runSetupLifecycling,"Lifecycling_Setup_3p",73198,15,4879.87,15,15,1.0000,26,4879.87,2815.31,4879.87,"participant2",1,"bob bobBank",0.073198,4.391880,50,"participant1 participant2",2,"120be10a7dcacf666ce8cb153d4a33b5"
Daml.Finance.Benchmark.Test.Lifecycle.Lifecycling_Distribution_Elementary_N_runStep1_CreateRulesEventEvolve_run1,2026-02-02,Daml.Finance.Benchmark.Test.Lifecycle.Lifecycling_Distribution_Elementary_N:runStep1_CreateRulesEventEvolve,"Lifecycling_Step1_CreateRulesEventEvolve_3p",7339,1,7339.00,1,1,1.0000,2,7339.00,3669.50,7339.00,"participant2",1,"bob bobBank",0.007339,0.440340,3,"participant2",1,"29ca2037c6f250fe4c4d3eb0ef499966"
Daml.Finance.Benchmark.Test.Lifecycle.Lifecycling_Distribution_Elementary_N_runStep2_Claim_run1,2026-02-02,Daml.Finance.Benchmark.Test.Lifecycle.Lifecycling_Distribution_Elementary_N:runStep2_Claim,"Lifecycling_Step2_Claim_3p",8270,1,8270.00,1,1,1.0000,2,8270.00,4135.00,8270.00,"participant2",1,"bob bobBank",0.008270,0.496200,4,"participant1 participant2",2,"b058900eca6cd9a0a7b21fb6fb191828"
Daml.Finance.Benchmark.Test.Lifecycle.Lifecycling_Distribution_Elementary_N_runStep3_AllocateAll_run1,2026-02-02,Daml.Finance.Benchmark.Test.Lifecycle.Lifecycling_Distribution_Elementary_N:runStep3_AllocateAll,"Lifecycling_Step3_AllocateAll_3p",21267,3,7089.00,3,3,1.0000,6,7089.00,3544.50,7089.00,"participant2",1,"bob bobBank",0.021267,1.276020,10,"participant1 participant2",2,"73a04ae45d6503fa059f7eff0ccc4081"
Daml.Finance.Benchmark.Test.Lifecycle.Lifecycling_Distribution_Elementary_N_runStep4_ApproveAll_run1,2026-02-02,Daml.Finance.Benchmark.Test.Lifecycle.Lifecycling_Distribution_Elementary_N:runStep4_ApproveAll,"Lifecycling_Step4_ApproveAll_3p",26352,3,8784.00,3,4,1.3333,6,8784.00,4392.00,6588.00,"participant2",1,"bob bobBank",0.026352,1.581120,13,"participant1 participant2",2,"535a4d3d083eafbea22a02600f439beb"
Daml.Finance.Benchmark.Test.Lifecycle.Lifecycling_Distribution_Elementary_N_runStep5_Settle_run1,2026-02-02,Daml.Finance.Benchmark.Test.Lifecycle.Lifecycling_Distribution_Elementary_N:runStep5_Settle,"Lifecycling_Step5_Settle_3p",11328,1,11328.00,1,1,1.0000,2,11328.00,5664.00,11328.00,"participant2",1,"bob bobBank",0.011328,0.679680,4,"participant1 participant2",2,"448fdc0ae09c6e8b0e30325ffefbc150"
Daml.Finance.Benchmark.Test.HoldingCreditBench_N_runSetup_run1,2026-02-02,Daml.Finance.Benchmark.Test.HoldingCreditBench_N:runSetup,"HoldingCreditSetup_3p",34346,8,4293.25,8,8,1.0000,8,4293.25,4293.25,4293.25,"participant1",1,"alice aliceBank",0.034346,2.060760,24,"participant1",1,"3bafadfbbf7c6c852e9113617909cd71"
Daml.Finance.Benchmark.Test.HoldingCreditBench_N_runMint_run1,2026-02-02,Daml.Finance.Benchmark.Test.HoldingCreditBench_N:runMint,"Mint_3p",4711,1,4711.00,1,1,1.0000,1,4711.00,4711.00,4711.00,"participant1",1,"alice aliceBank",0.004711,0.282660,3,"participant1",1,"dfc46fdd19516893ca3030d1af5b43f7"
Daml.Finance.Benchmark.Test.HoldingCreditBench_N_runSetup_run1,2026-02-02,Daml.Finance.Benchmark.Test.HoldingCreditBench_N:runSetup,"HoldingCreditSetup_5p",45360,8,5670.00,8,8,1.0000,19,5670.00,2387.37,5670.00,"participant2",1,"alice aliceBank",0.045360,2.721600,33,"participant1 participant2 participant3",3,"5e70a499466a641b9ac53b096eee1e65"
Daml.Finance.Benchmark.Test.HoldingCreditBench_N_runMint_run1,2026-02-02,Daml.Finance.Benchmark.Test.HoldingCreditBench_N:runMint,"Mint_5p",5875,1,5875.00,1,1,1.0000,2,5875.00,2937.50,5875.00,"participant2",1,"alice aliceBank",0.005875,0.352500,4,"participant2 participant3",2,"f37a187ba391c31c71b2e6db7fa9e652"
Daml.Finance.Benchmark.Test.HoldingCreditBench_N_runCreditRequestAccept_run1,2026-02-02,Daml.Finance.Benchmark.Test.HoldingCreditBench_N:runCreditRequestAccept,"CreditRequestAccept_5p",13644,2,6822.00,2,2,1.0000,6,6822.00,2274.00,6822.00,"participant2",1,"alice aliceBank",0.013644,0.818640,9,"participant1 participant2 participant3",3,"853824f7dfda75fd7bf06a0537a027ea"
Daml.Finance.Benchmark.Test.TransferBench_N_runSetup_run1,2026-02-02,Daml.Finance.Benchmark.Test.TransferBench_N:runSetup,"TransferSetup_3p",57031,12,4752.58,12,12,1.0000,17,4752.58,3354.76,4752.58,"participant1",1,"alice aliceBank bob",0.057031,3.421860,38,"participant1 participant2",2,"724d8edb0d1498aa3245de9833155486"
Daml.Finance.Benchmark.Test.TransferBench_N_runTransferRequestAccept_run1,2026-02-02,Daml.Finance.Benchmark.Test.TransferBench_N:runTransferRequestAccept,"TransferRequestAccept_3p",12931,2,6465.50,2,2,1.0000,4,6465.50,3232.75,6465.50,"participant1",1,"alice aliceBank bob",0.012931,0.775860,8,"participant1 participant2",2,"5db16ee94fc99b77b15027c6632d7dac"
Daml.Finance.Benchmark.Test.TransferBench_N_runSetup_run1,2026-02-02,Daml.Finance.Benchmark.Test.TransferBench_N:runSetup,"TransferSetup_5p",74089,12,6174.08,12,14,1.1667,32,6174.08,2315.28,5292.07,"participant2",1,"alice aliceBank bob",0.074089,4.445340,49,"participant1 participant2 participant3",3,"59c3147bfb9160d13f196dd8a859a124"
Daml.Finance.Benchmark.Test.TransferBench_N_runTransferRequestAccept_run1,2026-02-02,Daml.Finance.Benchmark.Test.TransferBench_N:runTransferRequestAccept,"TransferRequestAccept_5p",16825,2,8412.50,2,4,2.0000,5,8412.50,3365.00,4206.25,"participant2",1,"alice aliceBank bob",0.016825,1.009500,8,"participant1 participant2 participant3",3,"74a4f51d4bb39a8665d719dcbe73e2ac"
Daml.Finance.Benchmark.Test.Settlement.RouteProvider_SingleCustodian_N_runSetup_run1,2026-02-02,Daml.Finance.Benchmark.Test.Settlement.RouteProvider_SingleCustodian_N:runSetup,"RouteProvider_Setup_3p",4543,1,4543.00,1,1,1.0000,2,4543.00,2271.50,4543.00,"participant1",1,"alice aliceBank bob",0.004543,0.272580,3,"participant1",1,"c229048bc028ed5293ebac5d2d0676e3"
Daml.Finance.Benchmark.Test.Settlement.RouteProvider_SingleCustodian_N_runCreateRouteProvider_run1,2026-02-02,Daml.Finance.Benchmark.Test.Settlement.RouteProvider_SingleCustodian_N:runCreateRouteProvider,"RouteProvider_Create_3p",8626,2,4313.00,2,2,1.0000,3,4313.00,2875.33,4313.00,"participant1",1,"alice aliceBank bob",0.008626,0.517560,6,"participant1",1,"169d6e039cf2a62fee8574df6191797e"
Daml.Finance.Benchmark.Test.Settlement.RouteProvider_SingleCustodian_N_runDiscoverRoutes_N_run1,2026-02-02,Daml.Finance.Benchmark.Test.Settlement.RouteProvider_SingleCustodian_N:runDiscoverRoutes_N,"RouteProvider_Discover_3p",4332,1,4332.00,1,1,1.0000,1,4332.00,4332.00,4332.00,"participant1",1,"alice aliceBank bob",0.004332,0.259920,3,"participant1",1,"18a1f873e312d5fefc2bf3c86b637c43"
Daml.Finance.Benchmark.Test.Settlement.SettlementAtomicExchange_N_runSetup_run1,2026-02-03,Daml.Finance.Benchmark.Test.Settlement.SettlementAtomicExchange_N:runSetup,"SettlementSetup_3p",82866,17,4874.47,17,17,1.0000,26,4874.47,3187.15,4874.47,"participant1",1,"alice aliceBank bob",0.082866,4.971960,55,"participant1 participant2",2,"5f0a139c26862466d340dcab9dd2d724"
Daml.Finance.Benchmark.Test.Settlement.SettlementAtomicExchange_N_runSetup_run1,2026-02-03,Daml.Finance.Benchmark.Test.Settlement.SettlementAtomicExchange_N:runSetup,"SettlementSetup_3p",82876,17,4875.06,17,17,1.0000,26,4875.06,3187.54,4875.06,"participant1",1,"alice aliceBank bob",0.082876,4.972560,55,"participant1 participant2",2,"d89d1f79fecc986606881c45d4c76623"
Daml.Finance.Benchmark.Test.Settlement.SettlementAtomicExchange_N_runSetup_run1,2026-02-03,Daml.Finance.Benchmark.Test.Settlement.SettlementAtomicExchange_N:runSetup,"SettlementSetup_3p",82903,17,4876.65,17,17,1.0000,26,4876.65,3188.58,4876.65,"participant1",1,"alice aliceBank bob",0.082903,4.974180,55,"participant1 participant2",2,"401b5d1b1543b8718e56196bf0e128fd"
Daml.Finance.Benchmark.Test.Settlement.SettlementAtomicExchange_N_runSetup_run1,2026-02-03,Daml.Finance.Benchmark.Test.Settlement.SettlementAtomicExchange_N:runSetup,"SettlementSetup_3p",82966,17,4880.35,17,17,1.0000,26,4880.35,3191.00,4880.35,"participant1",1,"alice aliceBank bob",0.082966,4.977960,55,"participant1 participant2",2,"bc1373c3d089354b979dabb0e10eec92"
Daml.Finance.Benchmark.Test.Settlement.SettlementAtomicExchange_N_runSetup_run1,2026-02-03,Daml.Finance.Benchmark.Test.Settlement.SettlementAtomicExchange_N:runSetup,"SettlementSetup_3p",82998,17,4882.24,17,17,1.0000,26,4882.24,3192.23,4882.24,"participant1",1,"alice aliceBank bob",0.082998,4.979880,55,"participant1 participant2",2,"347785e18f8eee7db36f75577c9b63bb"
Daml.Finance.Benchmark.Test.Settlement.SettlementAtomicExchange_N_runSetup_run1,2026-02-03,Daml.Finance.Benchmark.Test.Settlement.SettlementAtomicExchange_N:runSetup,"SettlementSetup_3p",83002,17,4882.47,17,17,1.0000,26,4882.47,3192.38,4882.47,"participant1",1,"alice aliceBank bob",0.083002,4.980120,55,"participant1 participant2",2,"d74c659763706032236792a583fb490a"
Daml.Finance.Benchmark.Test.Settlement.SettlementAtomicExchange_N_runSetup_run1,2026-02-03,Daml.Finance.Benchmark.Test.Settlement.SettlementAtomicExchange_N:runSetup,"SettlementSetup_3p",83031,17,4884.18,17,17,1.0000,26,4884.18,3193.50,4884.18,"participant1",1,"alice aliceBank bob",0.083031,4.981860,55,"participant1 participant2",2,"192ef4e7661063695b4d0c9e3bc3a8ee"
Daml.Finance.Benchmark.Test.Settlement.SettlementAtomicExchange_N_runSetup_run1,2026-02-03,Daml.Finance.Benchmark.Test.Settlement.SettlementAtomicExchange_N:runSetup,"SettlementSetup_3p",83011,17,4883.00,17,17,1.0000,26,4883.00,3192.73,4883.00,"participant1",1,"alice aliceBank bob",0.083011,4.980660,55,"participant1 participant2",2,"68e6403dd6a39e1ffd7ed388a61cc9c7"
Daml.Finance.Benchmark.Test.Settlement.SettlementAtomicExchange_N_runAtomicExchange_run1,2026-02-03,Daml.Finance.Benchmark.Test.Settlement.SettlementAtomicExchange_N:runAtomicExchange,"SettlementAtomic_3p",55120,7,7874.29,7,10,1.4286,13,7874.29,4240.00,5512.00,"participant1",1,"alice aliceBank bob",0.055120,3.307200,25,"participant1 participant2",2,"50b6148f1a133bcd1535b4d8d217ad77"
Daml.Finance.Benchmark.Test.Settlement.SettlementAtomicExchange_N_runSetup_run1,2026-02-03,Daml.Finance.Benchmark.Test.Settlement.SettlementAtomicExchange_N:runSetup,"SettlementSetup_5p",99366,17,5845.06,17,17,1.0000,43,5845.06,2310.84,5845.06,"participant2",1,"alice aliceBank bob",0.099366,5.961960,68,"participant1 participant2 participant3",3,"e36c292591d685d08793d9e0f4373637"
Daml.Finance.Benchmark.Test.Settlement.SettlementAtomicExchange_N_runAtomicExchange_run1,2026-02-03,Daml.Finance.Benchmark.Test.Settlement.SettlementAtomicExchange_N:runAtomicExchange,"SettlementAtomic_5p",63466,7,9066.57,7,10,1.4286,20,9066.57,3173.30,6346.60,"participant2",1,"alice aliceBank bob",0.063466,3.807960,32,"participant1 participant2 participant3",3,"9395fa9ca9dca858ac0175a8cb8c4a15"
Daml.Finance.Benchmark.Test.TransferBench_N_runSetup_run1,2026-02-04,Daml.Finance.Benchmark.Test.TransferBench_N:runSetup,"TransferSetup_3p",56966,12,4747.17,12,12,1.0000,17,4747.17,3350.94,4747.17,"participant1",1,"alice aliceBank bob",0.056966,3.417960,38,"participant1 participant2",2,"7307cd5101e189060ab5714162893404"
Daml.Finance.Benchmark.Test.TransferBench_N_runTransferRequestAccept_run1,2026-02-04,Daml.Finance.Benchmark.Test.TransferBench_N:runTransferRequestAccept,"TransferRequestAccept_3p",12924,2,6462.00,2,2,1.0000,4,6462.00,3231.00,6462.00,"participant1",1,"alice aliceBank bob",0.012924,0.775440,8,"participant1 participant2",2,"94991fd473382fb4034c40baaf536f60"
Daml.Finance.Benchmark.Test.Settlement.SettlementIntermediatedStatic_N_runSetup_run1,2026-02-04,Daml.Finance.Benchmark.Test.Settlement.SettlementIntermediatedStatic_N:runSetup,"IntermediatedSetup_3p",164903,24,6870.96,24,24,1.0000,72,6870.96,2290.32,6870.96,"participant1",1,"alice aliceBank bob bobBank centralBank",0.164903,9.894180,121,"participant1 participant2 participant3",3,"32f2b27691aa72d51d9b6a6cba2ce30d"
Daml.Finance.Benchmark.Test.Settlement.SettlementIntermediatedStatic_N_runIntermediatedTransfer_run1,2026-02-04,Daml.Finance.Benchmark.Test.Settlement.SettlementIntermediatedStatic_N:runIntermediatedTransfer,"IntermediatedTransfer_3p",78611,9,8734.56,9,9,1.0000,27,8734.56,2911.52,8734.56,"participant1",1,"alice aliceBank bob bobBank centralBank",0.078611,4.716660,45,"participant1 participant2 participant3",3,"ddcd6f2a04cd1859ed6122b539b496f7"
Daml.Finance.Benchmark.Test.Settlement.SettlementIntermediatedStatic_N_runSetup_run1,2026-02-04,Daml.Finance.Benchmark.Test.Settlement.SettlementIntermediatedStatic_N:runSetup,"IntermediatedSetup_3p",163846,24,6826.92,24,24,1.0000,72,6826.92,2275.64,6826.92,"participant1",1,"alice aliceBank bob bobBank centralBank",0.163846,9.830760,120,"participant1 participant2 participant3",3,"ef0f8c17d7deb03afb3f0f6e33d0d357"
Daml.Finance.Benchmark.Test.Settlement.SettlementIntermediatedStatic_N_runIntermediatedTransfer_run1,2026-02-04,Daml.Finance.Benchmark.Test.Settlement.SettlementIntermediatedStatic_N:runIntermediatedTransfer,"IntermediatedTransfer_3p",78874,9,8763.78,9,9,1.0000,27,8763.78,2921.26,8763.78,"participant1",1,"alice aliceBank bob bobBank centralBank",0.078874,4.732440,45,"participant1 participant2 participant3",3,"88decfb841ae70cad2072ef4eafb0484"
Daml.Finance.Benchmark.Test.Settlement.SettlementIntermediatedStatic_N_runSetup_run1,2026-02-04,Daml.Finance.Benchmark.Test.Settlement.SettlementIntermediatedStatic_N:runSetup,"IntermediatedSetup_5p",218621,24,9109.21,24,24,1.0000,120,9109.21,1821.84,9109.21,"participant2",1,"alice aliceBank bob bobBank centralBank",0.218621,13.117260,168,"participant1 participant2 participant3 participant4 participant5",5,"77654d6de339f664fcffd8c7073d25bd"
Daml.Finance.Benchmark.Test.Settlement.SettlementIntermediatedStatic_N_runIntermediatedTransfer_run1,2026-02-04,Daml.Finance.Benchmark.Test.Settlement.SettlementIntermediatedStatic_N:runIntermediatedTransfer,"IntermediatedTransfer_5p",100613,9,11179.22,9,9,1.0000,45,11179.22,2235.84,11179.22,"participant2",1,"alice aliceBank bob bobBank centralBank",0.100613,6.036780,63,"participant1 participant2 participant3 participant4 participant5",5,"f8996795129e434cc084e49e2458c858"
Daml.Finance.Benchmark.Test.TransferBench_TwoCustodians_N_runSetup_run1,2026-02-04,Daml.Finance.Benchmark.Test.TransferBench_TwoCustodians_N:runSetup,"Transfer2CustSetup_3p",72042,14,5145.86,14,16,1.1429,23,5145.86,3132.26,4502.62,"participant1",1,"alice aliceBank bob bobBank",0.072042,4.322520,46,"participant1 participant2",2,"591c65c5baa2aedb4fe8770b065183f4"
Daml.Finance.Benchmark.Test.Settlement.RouteProvider_SingleCustodian_N_runSetup_run1,2026-02-04,Daml.Finance.Benchmark.Test.Settlement.RouteProvider_SingleCustodian_N:runSetup,"RouteProvider_Setup_3p",4536,1,4536.00,1,1,1.0000,2,4536.00,2268.00,4536.00,"participant1",1,"alice aliceBank bob",0.004536,0.272160,3,"participant1",1,"9c5d14577fd52e9ed4736192b24b48fd"
Daml.Finance.Benchmark.Test.Settlement.RouteProvider_SingleCustodian_N_runCreateRouteProvider_run1,2026-02-04,Daml.Finance.Benchmark.Test.Settlement.RouteProvider_SingleCustodian_N:runCreateRouteProvider,"RouteProvider_Create_3p",8640,2,4320.00,2,2,1.0000,3,4320.00,2880.00,4320.00,"participant1",1,"alice aliceBank bob",0.008640,0.518400,6,"participant1",1,"bafc2110263c4490e209eed357538917"
Daml.Finance.Benchmark.Test.Settlement.RouteProvider_SingleCustodian_N_runDiscoverRoutes_N_run1,2026-02-04,Daml.Finance.Benchmark.Test.Settlement.RouteProvider_SingleCustodian_N:runDiscoverRoutes_N,"RouteProvider_Discover_3p",4347,1,4347.00,1,1,1.0000,1,4347.00,4347.00,4347.00,"participant1",1,"alice aliceBank bob",0.004347,0.260820,3,"participant1",1,"8620b004276111a3081a10832a1910d1"
Daml.Finance.Benchmark.Test.Settlement.RouteProvider_SingleCustodian_N_runDiscoverRoutes_N_run1,2026-02-04,Daml.Finance.Benchmark.Test.Settlement.RouteProvider_SingleCustodian_N:runDiscoverRoutes_N,"RouteProvider_Discover_3p",4339,1,4339.00,1,1,1.0000,1,4339.00,4339.00,4339.00,"participant1",1,"alice aliceBank bob",0.004339,0.260340,3,"participant1",1,"cc4e121feced552e323c801d77413e44"
Daml.Finance.Benchmark.Test.Settlement.RouteProvider_SingleCustodian_N_runDiscoverRoutes_N_run1,2026-02-04,Daml.Finance.Benchmark.Test.Settlement.RouteProvider_SingleCustodian_N:runDiscoverRoutes_N,"RouteProvider_Discover_3p",4357,1,4357.00,1,1,1.0000,1,4357.00,4357.00,4357.00,"participant1",1,"alice aliceBank bob",0.004357,0.261420,3,"participant1",1,"3ad9870b9e407c98236c98a2b7eeba9e"
Daml.Finance.Benchmark.Test.Settlement.RouteProvider_SingleCustodian_N_runSetup_run1,2026-02-04,Daml.Finance.Benchmark.Test.Settlement.RouteProvider_SingleCustodian_N:runSetup,"RouteProvider_Setup_5p",5700,1,5700.00,1,1,1.0000,3,5700.00,1900.00,5700.00,"participant2",1,"alice aliceBank bob",0.005700,0.342000,4,"participant2 participant3",2,"233e1443d9222a6a363f5ad112e1e7e7"
Daml.Finance.Benchmark.Test.Settlement.RouteProvider_SingleCustodian_N_runCreateRouteProvider_run1,2026-02-04,Daml.Finance.Benchmark.Test.Settlement.RouteProvider_SingleCustodian_N:runCreateRouteProvider,"RouteProvider_Create_5p",10922,2,5461.00,2,2,1.0000,5,5461.00,2184.40,5461.00,"participant2",1,"alice aliceBank bob",0.010922,0.655320,8,"participant2 participant3",2,"f2a1af5fb2bfe3f216a87f645c824d7f"
Daml.Finance.Benchmark.Test.Settlement.RouteProvider_SingleCustodian_N_runDiscoverRoutes_N_run1,2026-02-04,Daml.Finance.Benchmark.Test.Settlement.RouteProvider_SingleCustodian_N:runDiscoverRoutes_N,"RouteProvider_Discover_5p",5490,1,5490.00,1,1,1.0000,2,5490.00,2745.00,5490.00,"participant2",1,"alice aliceBank bob",0.005490,0.329400,4,"participant2 participant3",2,"b1fb602f9e78ae31a94b78a6aa5baa5d"
Daml.Finance.Benchmark.Test.Settlement.RouteProvider_SingleCustodian_N_runDiscoverRoutes_N_run1,2026-02-04,Daml.Finance.Benchmark.Test.Settlement.RouteProvider_SingleCustodian_N:runDiscoverRoutes_N,"RouteProvider_Discover_5p",5493,1,5493.00,1,1,1.0000,2,5493.00,2746.50,5493.00,"participant2",1,"alice aliceBank bob",0.005493,0.329580,4,"participant2 participant3",2,"0ed706a447ebc83f0011e62662eccc69"
Daml.Finance.Benchmark.Test.Settlement.RouteProvider_SingleCustodian_N_runDiscoverRoutes_N_run1,2026-02-04,Daml.Finance.Benchmark.Test.Settlement.RouteProvider_SingleCustodian_N:runDiscoverRoutes_N,"RouteProvider_Discover_5p",6450,1,6450.00,1,1,1.0000,2,6450.00,3225.00,6450.00,"participant2",1,"alice aliceBank bob",0.006450,0.387000,5,"participant2 participant3",2,"082b6de95a134598e9e30192efe5ff38"
Daml.Finance.Benchmark.Test.Settlement.RouteProvider_SingleCustodian_N_runSetup_run1,2026-02-04,Daml.Finance.Benchmark.Test.Settlement.RouteProvider_SingleCustodian_N:runSetup,"RouteProvider_Setup_5p",5687,1,5687.00,1,1,1.0000,3,5687.00,1895.67,5687.00,"participant2",1,"alice aliceBank bob",0.005687,0.341220,4,"participant2 participant3",2,"188896972a6d802fb540798857b22739"
Daml.Finance.Benchmark.Test.Settlement.RouteProvider_SingleCustodian_N_runCreateRouteProvider_run1,2026-02-04,Daml.Finance.Benchmark.Test.Settlement.RouteProvider_SingleCustodian_N:runCreateRouteProvider,"RouteProvider_Create_5p",10910,2,5455.00,2,2,1.0000,5,5455.00,2182.00,5455.00,"participant2",1,"alice aliceBank bob",0.010910,0.654600,8,"participant2 participant3",2,"6a9785b333bd2e1fd7a913ccae4ef102"
Daml.Finance.Benchmark.Test.Settlement.RouteProvider_SingleCustodian_N_runDiscoverRoutes_N_run1,2026-02-04,Daml.Finance.Benchmark.Test.Settlement.RouteProvider_SingleCustodian_N:runDiscoverRoutes_N,"RouteProvider_Discover_5p",5479,1,5479.00,1,1,1.0000,2,5479.00,2739.50,5479.00,"participant2",1,"alice aliceBank bob",0.005479,0.328740,4,"participant2 participant3",2,"34b16940c788cc69d0c1b858c4c24dfd"
Daml.Finance.Benchmark.Test.Settlement.RouteProvider_SingleCustodian_N_runSetup_run1,2026-02-04,Daml.Finance.Benchmark.Test.Settlement.RouteProvider_SingleCustodian_N:runSetup,"RouteProvider_Setup_3p",4559,1,4559.00,1,1,1.0000,2,4559.00,2279.50,4559.00,"participant1",1,"alice aliceBank bob",0.004559,0.273540,3,"participant1",1,"cd4ce20f577515f0e1dd308f51d19880"
Daml.Finance.Benchmark.Test.Settlement.RouteProvider_SingleCustodian_N_runCreateRouteProvider_run1,2026-02-04,Daml.Finance.Benchmark.Test.Settlement.RouteProvider_SingleCustodian_N:runCreateRouteProvider,"RouteProvider_Create_3p",8642,2,4321.00,2,2,1.0000,3,4321.00,2880.67,4321.00,"participant1",1,"alice aliceBank bob",0.008642,0.518520,6,"participant1",1,"61ee8ca19bcee7609b7650a63e30a7a1"
Daml.Finance.Benchmark.Test.Settlement.RouteProvider_SingleCustodian_N_runDiscoverRoutes_N_run1,2026-02-04,Daml.Finance.Benchmark.Test.Settlement.RouteProvider_SingleCustodian_N:runDiscoverRoutes_N,"RouteProvider_Discover_3p",4332,1,4332.00,1,1,1.0000,1,4332.00,4332.00,4332.00,"participant1",1,"alice aliceBank bob",0.004332,0.259920,3,"participant1",1,"834919a160baa5f9939f3942773c59d2"
Daml.Finance.Benchmark.Test.Settlement.RouteProvider_SingleCustodian_N_runDiscoverRoutes_N_run1,2026-02-04,Daml.Finance.Benchmark.Test.Settlement.RouteProvider_SingleCustodian_N:runDiscoverRoutes_N,"RouteProvider_Discover_3p",4336,1,4336.00,1,1,1.0000,1,4336.00,4336.00,4336.00,"participant1",1,"alice aliceBank bob",0.004336,0.260160,3,"participant1",1,"8819866b5998254f34a21e8485fd9791"
Daml.Finance.Benchmark.Test.Settlement.RouteProvider_SingleCustodian_N_runDiscoverRoutes_N_run1,2026-02-04,Daml.Finance.Benchmark.Test.Settlement.RouteProvider_SingleCustodian_N:runDiscoverRoutes_N,"RouteProvider_Discover_3p",4333,1,4333.00,1,1,1.0000,1,4333.00,4333.00,4333.00,"participant1",1,"alice aliceBank bob",0.004333,0.259980,3,"participant1",1,"85cafee5be7da7fa8fcc85e79103f192"
Daml.Finance.Benchmark.Test.Settlement.RouteProvider_SingleCustodian_N_runDiscoverRoutes_N_run1,2026-02-04,Daml.Finance.Benchmark.Test.Settlement.RouteProvider_SingleCustodian_N:runDiscoverRoutes_N,"RouteProvider_Discover_3p",5125,1,5125.00,1,1,1.0000,1,5125.00,5125.00,5125.00,"participant1",1,"alice aliceBank bob",0.005125,0.307500,4,"participant1 participant2",2,"2c1b73a52aea0e8f387a13afa421b1fd"
